{"polyfill":["/polyfill-333b796d788154d0324b.js"],"app":["/app-4b87e4a2c916005f344e.js"],"component---src-pages-404-js":["/component---src-pages-404-js-8563cd8ae9d71a95de07.js"],"component---src-pages-blog-tsx":["/component---src-pages-blog-tsx-ca075422bfa110579240.js"],"component---src-pages-index-js":["/component---src-pages-index-js-8c809efe1ce6d5a9302b.js"],"component---src-pages-markdown-remark-frontmatter-slug-js":["/component---src-pages-markdown-remark-frontmatter-slug-js-2380de6329a1bff370a7.js"],"component---src-pages-navbar-tsx":["/component---src-pages-navbar-tsx-f1b44bbae6692a4a161c.js"],"component---src-pages-projects-tsx":["/component---src-pages-projects-tsx-376ce0571f63c4584373.js"],"component---src-pages-syntax-highlight-js":[]}