{"namedChunkGroups":{"polyfill":{"name":"polyfill","assets":[{"name":"webpack-runtime-65cd4edfcfa352090be1.js","size":4660},{"name":"polyfill-333b796d788154d0324b.js","size":84333}],"filteredAssets":0,"assetsSize":88993,"filteredAuxiliaryAssets":2,"auxiliaryAssetsSize":223673},"app":{"name":"app","assets":[{"name":"webpack-runtime-65cd4edfcfa352090be1.js","size":4660},{"name":"framework-5b220df2207acdd267a3.js","size":128890},{"name":"app-4b87e4a2c916005f344e.js","size":50948}],"filteredAssets":0,"assetsSize":184498,"filteredAuxiliaryAssets":3,"auxiliaryAssetsSize":548287},"component---src-pages-404-js":{"name":"component---src-pages-404-js","assets":[{"name":"component---src-pages-404-js-8563cd8ae9d71a95de07.js","size":1702}],"filteredAssets":0,"assetsSize":1702,"filteredAuxiliaryAssets":1,"auxiliaryAssetsSize":2594},"component---src-pages-blog-tsx":{"name":"component---src-pages-blog-tsx","assets":[{"name":"component---src-pages-blog-tsx-ca075422bfa110579240.js","size":1040}],"filteredAssets":0,"assetsSize":1040,"filteredAuxiliaryAssets":1,"auxiliaryAssetsSize":2392},"component---src-pages-index-js":{"name":"component---src-pages-index-js","assets":[{"name":"styles.565ff1a4ada65ef88e5f.css","size":165092},{"name":"component---src-pages-index-js-8c809efe1ce6d5a9302b.js","size":4493}],"filteredAssets":0,"assetsSize":169585,"filteredAuxiliaryAssets":1,"auxiliaryAssetsSize":8814},"component---src-pages-markdown-remark-frontmatter-slug-js":{"name":"component---src-pages-markdown-remark-frontmatter-slug-js","assets":[{"name":"styles.565ff1a4ada65ef88e5f.css","size":165092},{"name":"677072e7f2d697e18e0fb067fda041c2e720f36a-7272167e114dbea4fcbd.js","size":910423},{"name":"component---src-pages-markdown-remark-frontmatter-slug-js-2380de6329a1bff370a7.js","size":1972}],"filteredAssets":0,"assetsSize":1077487,"filteredAuxiliaryAssets":2,"auxiliaryAssetsSize":1790693},"component---src-pages-navbar-tsx":{"name":"component---src-pages-navbar-tsx","assets":[{"name":"component---src-pages-navbar-tsx-f1b44bbae6692a4a161c.js","size":1272}],"filteredAssets":0,"assetsSize":1272,"filteredAuxiliaryAssets":1,"auxiliaryAssetsSize":1884},"component---src-pages-projects-tsx":{"name":"component---src-pages-projects-tsx","assets":[{"name":"component---src-pages-projects-tsx-376ce0571f63c4584373.js","size":1019}],"filteredAssets":0,"assetsSize":1019,"filteredAuxiliaryAssets":1,"auxiliaryAssetsSize":2319},"component---src-pages-syntax-highlight-js":{"name":"component---src-pages-syntax-highlight-js","assets":[{"name":"styles.565ff1a4ada65ef88e5f.css","size":165092},{"name":"677072e7f2d697e18e0fb067fda041c2e720f36a-7272167e114dbea4fcbd.js","size":910423}],"filteredAssets":0,"assetsSize":1075515,"filteredAuxiliaryAssets":1,"auxiliaryAssetsSize":1787000}},"assetsByChunkName":{"polyfill":["webpack-runtime-65cd4edfcfa352090be1.js","polyfill-333b796d788154d0324b.js"],"app":["webpack-runtime-65cd4edfcfa352090be1.js","framework-5b220df2207acdd267a3.js","app-4b87e4a2c916005f344e.js"],"component---src-pages-404-js":["component---src-pages-404-js-8563cd8ae9d71a95de07.js"],"component---src-pages-blog-tsx":["component---src-pages-blog-tsx-ca075422bfa110579240.js"],"component---src-pages-index-js":["styles.565ff1a4ada65ef88e5f.css","component---src-pages-index-js-8c809efe1ce6d5a9302b.js"],"component---src-pages-markdown-remark-frontmatter-slug-js":["styles.565ff1a4ada65ef88e5f.css","677072e7f2d697e18e0fb067fda041c2e720f36a-7272167e114dbea4fcbd.js","component---src-pages-markdown-remark-frontmatter-slug-js-2380de6329a1bff370a7.js"],"component---src-pages-navbar-tsx":["component---src-pages-navbar-tsx-f1b44bbae6692a4a161c.js"],"component---src-pages-projects-tsx":["component---src-pages-projects-tsx-376ce0571f63c4584373.js"],"component---src-pages-syntax-highlight-js":["styles.565ff1a4ada65ef88e5f.css","677072e7f2d697e18e0fb067fda041c2e720f36a-7272167e114dbea4fcbd.js"]},"childAssetsByChunkName":{}}