{"data":{"allMarkdownRemark":{"edges":[{"node":{"id":"4bcbe5ee-0747-5908-81e7-e512243d8e47","frontmatter":{"date":"2021-08-23","slug":"/blog/fluent-validation-1","title":"Starting from Scratch: Fluent Validation","class":"blog"}}},{"node":{"id":"8f8d7cd4-355c-5dd0-b4cf-040a56aa1f85","frontmatter":{"date":"2019-05-04","slug":"/blog/my-first-post","title":"My first blog post","class":"prototype"}}},{"node":{"id":"d719f634-2039-5ded-ae91-341c2bb7cb10","frontmatter":{"date":"2020-04-01","slug":"/project/watchdog-security-system","title":"Watchdog Security System","class":"project"}}}]}}}